Điện thoại Realme C65 (8GB/256GB) - Hàng Chính Hãng,3.650.000₫
Luật Tâm Thức – Vũ Trụ Nhất Nguyên Luận,187.200₫
Phiếu Quà Tặng 5.000.000đ,5.000.000₫
Kem dưỡng và làm trắng da ban đêm Nhật Bản Naris Nature Whitening Cream (50g),451.750₫
101 Bộ Phim Việt Nam Hay Nhất (TTT),307.180₫
Sapiens - Lược Sử Loài Người (Bản Bỏ Túi),100.870₫
Máy đọc sách New Kindle 11th 2022 (16GB) - Hàng chính hãng,2.950.000₫
Phấn nén kiềm dầu Carslan chống nước lâu trôi giảm bóng dầu 8g,274.000₫
"Kem chống nắng Skin Aqua dưỡng trắng, kiểm dầu, dùng hàng ngày dạng sữa Sunplay Skin Aqua Clear White Eco Việt Nam SPF50, PA++++ 55g",162.750₫
Nồi cơm điện tử cao tần Tefal RK818A68 - 1.8L - Thương hiệu Pháp - Hàng chính hãng,1.954.150₫
Máy tính bảng Alcatel Tab 3T8 (2GB/32GB) - Hàng chính hãng,890.000₫
Bioré Nước Tẩy Trang Hoàn Hảo Ngừa Mụn Bioré Makeup Remover Perfect Cleansing Water Acne Care 90ml,53.000₫
Chém Tiếng Anh Không Cần Động Não - Tác giả Vũ Vi Bình (Bino Chém tiếng anh) - Phiên bản đặc biệt,127.000₫
"MacBook Air M3 2024 (13 inch, 8GB/ 256GB) - MRXV3SA/A - Midnight",26.940.000₫
Băng Vệ Sinh Dạng Quần Diana Sensi Chống Tràn Size M-L 5 Chiếc/Gói,76.000₫
Điện thoại Tecno SPARK 20 Pro+ 8GB/256GB - Hàng chính hãng,4.290.000₫
Adapter Sạc Anker 511 Charger Nano 3 30W 1 Cổng Type-C A2147 - Hàng Chính Hãng,221.000₫
Sưởi Ấm Mặt Trời: Tập 2 Của Cây Cam Ngọt,92.800₫
Máy Tính Bảng Samsung Galaxy Tab A9 Wifi 4GB/64GB - Hàng Chính Hãng,2.550.000₫
Máy Tăm Nước Không Dây LocknLock Cordless Oral Irrigator,688.000₫
Trường Ca Achilles (Quà Tặng Kèm: 01 Bookmark + 01 Phụ Lục),101.400₫
Suối Nguồn (Tái Bản),250.500₫
Bộ 2 lon sữa bột Enfagrow A+ Neuropro 4 Vị thanh mát với dưỡng chất DHA & MFGM cho trẻ từ 2–6 tuổi- 1.7kg - Tặng 1 lon 830g,1.715.000₫
Hiểu Về Bản Chất Con Người - Lý Luận Của Bậc Thầy Tâm Thần Học,65.100₫
Kem Se Nhỏ Lỗ Chân Lông Bioderma Sebium Pore Refiner - 30ml,396.000₫
Cây Cam Ngọt Của Tôi,64.800₫
Sữa bột Abbott Pediasure 1.6kg cho trẻ từ 1-10 tuổi,1.084.000₫
"Nước hoa hồng Dear, Klairs Supple Preparation Facial Toner 180ml",435.000₫
Bao cao su Durex Fetherlite Hộp 12 Bao,197.000₫
Nước tẩy trang bí đao Cocoon 500ml,254.438₫
Định luật Murphy – Mọi bí mật tâm lý thao túng cuộc đời bạn,73.780₫
Lý Thuyết Trò Chơi,107.400₫
30 Tuổi - Mọi Thứ Chỉ Mới Bắt Đầu,101.000₫
Bình Đun Siêu Tốc 2 lớp Lock&Lock EJK738WHT (1.7 Lít) - Trắng - Hàng chính hãng,350.000₫
Combo sách - Biến Mọi Thứ Thành Tiền - Quyển 1+2 - Nguyễn Anh Dũng - SBOOKS,134.000₫
Gel bôi trơn Durex K-Y Jelly 50g - KY Jelly,80.200₫
Dẫn Dắt Một Bầy Sói Hay Chăn Một Đàn Cừu,118.950₫
"Serum chống nắng ngăn sạm, nám da Skin Aqua Nexta Shield Serum UV Essence SPF50+ PA++++ 50g ( dạng tinh chất)",292.000₫
Điện thoại Samsung Galaxy A34 5G (8GB/256GB) - Đã kích hoạt bảo hành điện tử  Hàng chính hãng,5.890.000₫
Nghề Tay Trái Hái Ra Tiền,98.420₫
Tư Duy Hệ Thống Trong Công Việc,55.180₫
Điện Thoại Samsung Galaxy A15 LTE (8GB/128GB)- Đã Kích Hoạt Bảo Hành Điện tử - Hàng Chính Hãng,3.950.000₫
Khu Vườn Ngôn Từ,113.382₫
AirPods 4 - Chống ồn chủ động - MXP93ZP/A,4.540.000₫
Bioré Tinh Chất Chống Nắng – Sáng Rạng Rỡ 70g,240.870₫
Sữa bột Nestlé NAN OPTIPRO PLUS 2 800g/lon với 5HMO Sản Xuất Tại Thụy Sĩ (6 - 12 tháng),520.000₫
Phấn phủ kiềm dầu dạng bột innisfree No Sebum Mineral Powder 5g,120.600₫
Sữa rửa mặt Naris Acne Grand Medicated Creamy Wash,300.750₫
NEXUS - Lược Sử Của Những Mạng Lưới Thông Tin Từ Thời Đại Đồ Đá Đến Trí Tuệ Nhân Tạo,241.500₫
Mèo Và Triết Lý Nhân Sinh - Mèo Đã Dạy Chúng Ta Điều Gì Về Cuộc Sống,155.000₫
41 Thói Quen Kỷ Luật Tự Giác Của Người Thành Đạt,97.000₫
Beyond Order - Vượt Lên Trật Tự,251.000₫
Một Cuốn Sách Buồn… Cười - Vui Vẻ Không Quạu Nha 2,65.500₫
Trader Handbook,175.400₫
Điện thoại Samsung Galaxy A05s (4GB/128GB) - Đã kích hoạt bảo hành điện tử - Hàng chính hãng,2.890.000₫
Thực phẩm dinh dưỡng y học Ensure Gold 800g,915.000₫
Máy đọc sách New Kindle 11th 2022 (16GB) - Hàng chính hãng,2.950.000₫
30 Tuổi - Mọi Thứ Chỉ Mới Bắt Đầu,101.000₫
Sách - Thơ Cho Bé Học Nói - Kim Đồng,68.000₫
"Sách Quy Tắc Ứng Xử Trên Môi Trường Mạng Xã Hội, Nơi Công Cộng, Làm Việc Dành Cho Cá Nhân, Tổ Chức, Đơn Vị và Doanh Nghiệp - V2054T",224.100₫
Điện Thoại Samsung Galaxy A25 5G (6GB/128GB) - Hàng chính hãng,5.390.000₫
ĐỪNG PHÍ HOÀI TUỔI TRẺ - Nguyễn Anh Dũng,39.000₫
Combo Tư Duy Ngược + Tư Duy Mở (Nguyễn Anh Dũng) SBOOKS ,120.000₫
Sách - 38 Bức Thư Rockefeller Gửi Cho Con Trai - SBOOKS,79.000₫
Ma Thuật Bị Cấm,81.900₫
"Điện Thoại Xiaomi Redmi Note 13 Pro 5G 8GB/128GB Snapdragon 7s Gen 2 , Màn OLED 120Hz, Rom Tiếng việt - Hàng nhập khẩu",4.999.000₫
Apple AirPods 3 2022 sạc Lightning - MPNY3,3.840.000₫
Muôn Kiếp Nhân Sinh 3 (Bìa Mềm),164.000₫
"Giải Cứu Một Đời Học Tiếng Anh Của Bạn - Tác giả: Thầy Thắng Phạm - Quyển sách về Phương pháp học Tiếng Anh Giao Tiếp giúp bạn loại trừ cái sai, làm theo cái đúng để giỏi tiếng Anh giao tiếp một lần cho mãi mãi!",249.000₫
Điện thoại OPPO A79 5G (8GB/256GB) - Hàng Chính Hãng,7.150.000₫
Điện Thoại POCO X6 5G (12GB/256GB) - Hàng Chính Hãng,7.250.000₫
"Sách Kỹ Năng Giao Tiếp Và Quy Tắc Ứng Xử - Tuyển Chọn Các Bài Diễn Văn, Phát Biểu Thường Dùng Trong Các Ngày Lễ, Hội Nghị, Hội Thảo, Diễn Đàn - V1850T ",224.100₫
Máy đọc sách All New Kindle Paperwhite 5 (11th Gen) - Hàng nhập khẩu,3.850.000₫
Combo Máy đọc sách All New Kindle Paperwhite 5 (11th Gen) và Bao da - Hàng nhập khẩu,3.860.000₫
Vừa Đủ - Đẳng Cấp Sống Của Người Thụy Điển (Tái Bản),75.500₫
Sách - Nghịch Lý Của Thành Công - SBOOKS,69.000₫
Chưa Một Lần Đau Sao Là Tuổi Trẻ,97.350₫
Bao cao su Durex Kingtex 12 bao,114.000₫
Máy đọc sách Boox Go 6 - Hàng chính hãng,4.190.000₫
Thùng 48 Hộp Sữa Nestlé MILO Nước (180ml / Hộp) - không màng nhựa,295.275₫
Combo 3 lon sữa Bột Friso Gold 4 850g (Dành Cho Trẻ Từ 2 - 6 Tuổi) + Tặng Lon Sữa Friso Gold 4 380g,1.100.000₫
Phấn nén kiềm dầu Carslan chống nước lâu trôi giảm bóng dầu 8g,274.000₫
Giải mã Hoóc-môn Dopamine,145.000₫
Combo Tư Duy Ngược + Tư Duy Mở (Nguyễn Anh Dũng) SBOOKS ,120.000₫
Ma Thuật Bị Cấm,81.900₫
Dịch Bệnh Atlantis,126.750₫
Muji – Đơn Giản Là Hoàn Mỹ,94.525₫
Sách - YOU CAN - Không Gì Là Không Thể - SBOOKS,79.000₫
Sách - Đừng Bao Giờ Trì Hoãn (Henry Ford) - SBOOKS,79.000₫
Sữa Bột Enfamama 360° Brain Plus Cho Mẹ Mang Thai Và Cho Con Bú,479.000₫
Hộp 8 Miếng Mặt Nạ Kiểm Soát Dầu Và Mụn Naruko Tràm Trà (Bản Đài) - Tea Tree Shine Control And Blemish Clear Mask,204.900₫
Đàn Ông Sao Hỏa Đàn Bà Sao Kim,138.000₫
Cà phê hoà tan NESCAFÉ 3IN1 VỊ NGUYÊN BẢN - công thức cải tiến (bịch 46 gói x 16g),125.550₫
Điện thoại Samsung Galaxy Z Flip6 (12GB/ 256GB) - Hàng Chính Hãng,23.990.000₫
Dạy Con Trẻ Cách Tư Duy,144.542₫
Vùng Đất Quỷ Tha Ma Bắt,100.800₫
"The Witcher - Thuật Sĩ, Điều Ước Cuối Cùng",113.750₫
Nhảy Nhảy Nhảy (Tái Bản),109.850₫
Tiêu Sơn Tráng Sĩ,90.350₫
Sách Đi Tìm Lẽ Sống (Tái Bản ),57.600₫
Bé Tô Màu: Vịt Con Đáng Yêu,18.000₫
Người Đua Diều (Tái Bản 2018),77.400₫
Bộ 2 Lon Sữa Bột Friso Gold 4 1400g Dành Cho Trẻ Từ 2 - 6 Tuổi + Tặng Lon Sữa Friso Gold 4 380g,1.060.000₫
Chat GPT Thực Chiến,103.090₫
COMBO 4 - (TRÍ TUỆ CỦA NGƯỜI XƯA - ĐẠO LÝ NGƯỜI XƯA - HIỂU NGƯỜI để DÙNG NGƯỜI - CỔ HỌC TINH HOA) - MINH TRIẾT PHƯƠNG ĐÔNG,263.120₫
Danh Pháp Trong Chúa Tể Những Chiếc Nhẫn (Tái Bản 2020),13.000₫
Một Cuộc Đời Bất Tận,105.300₫
Trí Tuệ Xúc Cảm Ứng Dụng Trong Công Việc (Tái Bản),143.000₫
Sa Môn Không Hải Thết Yến Bầy Quỷ Đại Đường Tập 4,91.000₫
Đừng Tin Các Bài Trắc Nghiệm Tính Cách (Phá Vỡ Giới Hạn Bản Thân Để Trở Thành Phiên Bản Tốt Nhất),123.000₫
Điện thoại Samsung Galaxy Z Fold6 (12GB/ 256GB) - Hàng Chính Hãng,38.490.000₫
Truth Vs Falsehood - Phân Biệt Thật Giả,250.350₫
Não Trái kể Chuyện Não Phải Vui Cười - Ransom Stephens,151.200₫
Hoàng Tử Bé (Tái Bản 2019),45.000₫
Apple iPhone 13,13.090.000₫
Đừng Bao Giờ Nói Dối,98.800₫
Một Thoáng Ta Rực Rỡ Ở Nhân Gian,81.000₫
Điện thoại Samsung Galaxy A34 5G (8GB/256GB) - Đã kích hoạt bảo hành điện tử  Hàng chính hãng,5.890.000₫
Điện Thoại POCO C65 (6GB/128GB) - Hàng Chính Hãng,2.690.000₫
"Sách Giáo Dục Đạo Đức, Lối Sống, Kỹ Năng Mềm Cho Học Sinh, Sinh Viên - V2035T",234.000₫
Sách Muôn Kiếp Nhân Sinh (Bìa Cứng) - Nguyên Phong,216.000₫
Bạn Đắt Giá Bao Nhiêu?,113.525₫
SỐNG LÀ CHÍNH MÌNH GIỮA ĐỜI MUÔN HÌNH - SBOOKS,59.000₫
Sữa bột Nestlé NAN SUPREMEPRO 2 800g nhập khẩu Đức với 5HMO & đạm Gentle Optipro ( Dành cho trẻ từ 12 - 24 tháng tuổi),565.000₫
Adapter Sạc 1 Cổng USB Type-C 20W Apple,377.200₫
Sách - bảng tuần hoàn các nguyên tố hóa học bằng hình (BT),9.000₫
Thùng 48 Hộp Sữa Nestlé MILO Nước (180ml / Hộp),316.200₫
Bioré Nước Tẩy Trang Hoàn Hảo Ngừa Mụn Bioré Makeup Remover Perfect Cleansing Water Acne Care 90ml,53.000₫
Bao cao su Durex Performa 12 bao,221.000₫
Sapiens - Lược Sử Loài Người (Bản Bỏ Túi),100.870₫
Điều Kỳ Diệu Của Tiệm Tạp Hóa NAMIYA (Tái Bản),60.900₫
iPhone 15 Pro Max,28.990.000₫
Trắng,61.700₫
Xứ Sở Miên Man,143.000₫
Kem Se Nhỏ Lỗ Chân Lông Bioderma Sebium Pore Refiner - 30ml,396.000₫
Nước tẩy trang bí đao Cocoon 500ml,254.438₫
Máy Tính Bảng Samsung Galaxy Tab A9 Wifi 4GB/64GB - Hàng Chính Hãng,2.550.000₫
Tây Du Tuệ Kẻ,140.000₫
Apple iPhone 16 Pro Max,34.990.000₫
Sữa tắm nước hoa Tesori d'Oriente Hoa sen 500ml chính hãng kèm vòi nhập khẩu trực tiếp từ Ý,275.000₫
Điện thoại Xiaomi Redmi Note 13 (6GB/128GB) - Hàng chính hãng,3.990.000₫
Sữa bột NAN INFINIPRO A2 Thụy Sĩ 3 800g với đạm quý A2 tiêu hóa tốt sau 7 ngày và 5HMO tăng cường đề kháng (2 - 6 tuổi),499.000₫
Sữa rửa mặt cho nam Oxy sạch sâu giảm nhờn dạng kem có hạt massage Oxy Deep Wash 100g,69.500₫
Vẻ Đẹp Của Cảnh Sắc Tầm Thường,178.600₫
Sữa rửa mặt ngăn ngừa mụn Acnes Creamy Wash 100g,61.100₫
Điện thoại Samsung Galaxy A05s (4GB/128GB) - Đã kích hoạt bảo hành điện tử - Hàng chính hãng,2.890.000₫
Apple iPhone 16 Pro,28.790.000₫
Sữa rửa mặt cải thiện dấu hiệu lão hóa dạng kem Hada Labo Pro-Aging Retinol B3 Cleanser 80g,82.000₫
Điện thoại Tecno SPARK 20 Pro+ 8GB/256GB - Hàng chính hãng,4.290.000₫
Gel bôi trơn Durex K-Y Jelly 50g - KY Jelly,80.200₫
Sách Combo 2 Cuốn : Tư Duy Ngược + Tư Duy Mở (Nguyễn Anh Dũng) - SBOOKS,124.200₫
Nước tẩy trang Công Nghệ Micella Bioderma Sensibio H2O,380.000₫
Máy Xay Thịt 2 Lưỡi Dao Kép Lock&Lock EJM171 (2 Lít - 300W) - Hàng Chính Hãng,645.000₫
Lốc 4 Hộp Sữa pha sẵn Nestlé NANGROW 110ml/hộp sữa mát công thức từ Thụy Sĩ 100% Canxi giúp bé cao lớn vượt trội,55.000₫
Kem chống nắng dạng sữa dưỡng da kiềm dầu bảo vệ hoàn hảo Anessa Perfect UV Sunscreen Skincare Milk SPF 50+ PA++++ 60ml,535.000₫
Phiếu Quà Tặng 3.000.000đ,3.000.000₫
"Nồi áp suất Elmich PCE-1805G dung tích 2,5L - Hàng Chính Hãng",784.800₫
Apple MacBook Air 2020 13-inch (Apple M1 - 8GB/ 256GB) - MGN63SA/A - Space Grey,17.940.000₫
Mặt Nạ Nghệ Hưng Yên Cocoon 30ml,123.250₫
Serum Chống Nắng Dưỡng Thể Kháng Bụi - Dưỡng Ẩm Vượt Trội Biore (150ml),168.000₫
Tai Nghe Nhét Tai Có Micro JBL C200SI - Hàng Chính Hãng,240.000₫
Đại Bi Chú Giảng Giải ( Ht Tuyên Hoá),29.500₫
Điện thoại Samsung Galaxy Z Flip6 (12GB/ 256GB) - Hàng Chính Hãng,23.990.000₫
Sữa rửa mặt dưỡng trắng Hada Labo Perfect White Tranexamic Acid Cleanser 80g,79.000₫
Giày chạy bộ nam NIKE NIKE ZOOMX INVINCIBLE RUN FK 3,4.802.616₫
Chuột Gaming Logitech G102 Gen 2 Lightsync - Hàng Chính Hãng,386.400₫
Thùng 24 Chai Sữa Nước Abbott Ensure 237ml,970.000₫
Sữa rửa mặt kiểm soát nhờn ngăn ngừa mụn dạng gel Acnes Oil Control Cleanser 100g,58.000₫
Bigsize - Dầu gội bưởi Cocoon giúp giảm gãy rụng và làm mềm tóc 500ml,315.750₫
Sữa bột Abbott Pediasure 1.6kg cho trẻ từ 1-10 tuổi,1.084.000₫
"Kem chống nắng Sunplay cực mạnh dạng sữa Sunplay Super Block SPF 81, PA++++ 70g",150.660₫
Điện Thoại POCO C65 (8GB/256GB) - Hàng Chính Hãng,2.990.000₫
Điện Thoại Samsung Galaxy A15 LTE (8GB/128GB)- Đã Kích Hoạt Bảo Hành Điện tử - Hàng Chính Hãng,3.950.000₫
Sữa rửa mặt dưỡng ẩm tối ưu Hada Labo Advanced Nourish Cleanser 80g,79.100₫
[CHÍNH HÃNG] Smoothie Tẩy Da Chết Dưỡng Ẩm Toàn Thân Dove hương hoa anh đào 298g,179.000₫
Xe máy điện VinFast Feliz S,23.520.000₫
[Tặng Bộ 3 ly thủy tinh cao cấp NESCAFE] Combo 3 Hộp Cà Phê Sữa NESCAFE - Hộp 10 gói,126.480₫
Phiếu Quà Tặng 5.000.000đ,5.000.000₫
Tã/bỉm quần Huggies Skin Care Super Jumbo XXL54+4,430.473₫
Con Đường Chẳng Mấy Ai Đi,116.000₫
Thư Viện Nửa Đêm,97.500₫
Boxset Harry Potter - Tiếng Việt (Trọn Bộ 7 Tập),1.072.550₫
Tâm Lý Học Về Tiền,113.400₫
"Dầu gội Selsun chống gàu, sạch gàu & hết ngứa da đầu Selsun Anti-Dandruff Shampoo 100ml",82.500₫
Phấn phủ CARSLAN dạng bột từ tính kiềm dầu màu đen chống nước chống mồ hôi che phủ bóng dầu cho mặt 8g,234.000₫
MANIFEST – 7 Bước Để Thay Đổi Cuộc Đời Bạn Mãi Mãi,55.180₫
Ngày Xưa Có Một Chuyện Tình (Tái Bản),95.700₫
"Sữa rửa mặt vitamin làm sáng da, mờ sẹo thâm dạng kem Acnes Vitamin Cleanser 100g",58.000₫
Ikigai - Bí Mật Sống Trường Thọ Và Hạnh Phúc Của Người Nhật,54.000₫
Điện Thoại Samsung Galaxy A55 12GB/256GB - Hàng Chính Hãng,9.899.000₫
Kem chống nắng dạng gel dưỡng ẩm bảo vệ hoàn hảo Anessa Perfect UV Sunscreen Skincare Gel SPF50+ PA++++ 90g,431.000₫
Tã quần Huggies Skin Care Super Jumbo M76+6 miếng với tràm trà dịu da,311.600₫
1 Lon Pediasure 800g (Dành cho trẻ từ 1 - 10 tuổi) - Tặng 2 Gói Dùng Thử,850.000₫
Máy Tăm Nước Không Dây LocknLock Cordless Oral Irrigator,688.000₫
Vì Con Gái Tôi Có Thể Đánh Bại Cả Ma Vương - Tập 8,135.000₫
Sữa rửa mặt dưỡng ẩm tối ưu Hada Labo Advanced Nourish Cleanser 80g,71.000₫
Kem chống nắng dạng sữa dịu nhẹ cho da nhạy cảm và trẻ em Anessa Perfect UV Sunscreen Mild Milk For Sensitive Skin SPF 50+ PA++++ 60ml,564.000₫
Sữa rửa mặt tạo bọt dưỡng sáng Eucerin Spotless Brightening Cleansing Foam 50g,159.000₫
"Sữa rửa mặt thải độc , ngăn ngừa mụn , sạch nhờn Dabo Hydration dành cho nam ( 120ml )",105.000₫
"Kem dưỡng ẩm chuyên sâu, tái tạo da nhạy cảm Eucerin AtoControl Face Cream 50ml",380.000₫
Bộ thìa đũa muỗng dĩa Inox 304 thép không gỉ tái chế sử dụng thân thiện môi trường tặng kèm hộp đựng chắc chắn Yorn,39.000₫
Sách Đi Tìm Lẽ Sống (Tái Bản ),70.400₫
Dao Cạo Lông Mày Kai Can For Women Eyebrow 3 Cây,44.000₫
"Gentle Foaming Face Cleanser MOOGOO -  SỮA RỬA MẶT TẠO BỌT LÀM TRẮNG DA, KIỀM DẦU CHỐNG MỤN CHIẾT XUẤT ĐU ĐỦ MOOGOO 200ML",328.000₫
Gel rửa mặt cho da dầu nhạy cảm La Roche-Posay Effaclar Foaming Gel 200ml,339.000₫
Gel giảm mụn sau 1 tuần Eucerin Pro Acne A.I. Clearing Treatment 40ml,367.000₫
Kem dưỡng giảm viêm da cơ địa Eucerin Ato Control Acute Care Cream 40ml,434.000₫
Bình giữ nhiệt LocknLock Riga Tumbler Vietnam Edition LHC4160 897ml,341.000₫
Bộ sản phẩm dành cho da mụn Truesky gồm 1 tinh chất chấm mụn tràm trà 10ml + 1 gel rửa mặt ngừa mụn rau má 50g,169.000₫
Sữa rửa mặt Ngọc Trai cao cấp - Benew White Pearl 100ml,79.000₫
Sữa Rửa Mặt Cetaphil Dịu Nhẹ Gentle Skin Cleanser 250ml,243.000₫
Hộp đựng thìa đũa cá nhân DandiHome (màu ngẫn nhiên),28.200₫
Kem dưỡng đêm giảm thâm nám & sáng da Eucerin Spotless Brightening 50ml,703.000₫
Gel chống nắng PARASOLA ILLUMI SKIN UV ESSENCE ,361.000₫
Sữa Rửa Mặt Thiên Nhiên Công Nghệ Anh Quốc Beclean Sạch Sâu Dưỡng Trắng  Dung Tích 30ml,20.900₫
Sữa Rửa Mặt Than Dành Cho Nam Dabo Black Force (120ml),105.000₫
[GIFT] [Hàng tặng không bán] KM Anessa Kem Chong Nang 12ml,300.000₫
Gel Rửa Mặt Eucerin Pro Acne Solution 3X Treatment Gel To Foam Cleanser 150ml,392.000₫
"Kem dưỡng làm dịu, giảm kích ứng và phục hồi nhanh cho da tổn thương Bioderma Cicabio Crème - 40ml",320.000₫
Ngày Xưa Có Một Chuyện Tình (Tái Bản),95.700₫
"Kem chống nắng nâng tông Skin Aqua Tone up Mint Green cho da trắng có khuyết điểm đỏ, dạng tinh chất Sunplay Skin Aqua Tone Up UV Essence Mint Green SPF 50+ PA++++ 50g",160.890₫
"Kem chống nắng vật lý Skin Aqua kiềm dầu, dạng sữa dùng hàng ngày Sunplay Skin Aqua Mineral Defense Oil Clear Milk SPF50+ PA++++ 25g",105.090₫
"[Date 10/1/2025] Kem chống nắng Hàn Quốc TRIPLE CARE SUN CREAM SPF50+/ PA++++ (60ml) mỏng nhẹ, không gây bết dính, không để lại vệt trắng {Có tem phụ nhập khẩu chính ngạch}",179.000₫
"Bộ Đũa Thìa Cá Nhân WMF Asia My2Go Có Hộp Đựng Màu Đen, Chất Liệu Thép Không Gỉ - 1295056040",456.960₫
Sữa rửa mặt dạng bọt sạch sâu cho da nhờn Eucerin Pro Acne Cleansing Foam 50g,153.000₫
iPhone 15 Pro Max,28.990.000₫
Kem chống nắng đa năng siêu nhẹ không bết dính Paula’s Choice Resist Super -Light Daily Wrinkle Defense SPF30 60ml,890.000₫
Combo 2 Sữa rửa mặt hạt chứa than hoạt tính dành cho nam s select 130g/tuýp,88.000₫
"[MỚI] Gel bôi trơn Durex Classic gốc nước - Bao bì mới, cải tiến công thức thêm mượt mà, 50ML/chai",80.000₫
Tinh chất giảm thâm & dưỡng sáng cho da mụn Eucerin Pro Acne Triple Effect Serum 40ml,479.000₫
Kem dưỡng ẩm kiểm soát nhờn & giảm mụn Eucerin Matt Fluid 50ml,470.000₫
Điện thoại Xiaomi Redmi Note 13 (6GB/128GB) - Hàng chính hãng,3.990.000₫
Nước Cân Bằng Dưỡng Ẩm Dành Cho Da Nhạy Cảm Bioderma Sensibio 250ml,377.000₫
Chai xịt hỗ trợ nam giới Powergra For Men - Chai 13ml,418.500₫
Bộ đôi Kem chống nắng dạng sữa dưỡng da kiềm dầu bảo vệ hoàn hảo + Kem chống nắng dạng xịt dưỡng da bảo vệ hoàn hảo (Anessa Gold Milk 60ml + Gold Spray 60g),860.000₫
Kem Dưỡng Ẩm Dành Cho Da Dầu Và Da Hỗn Hợp Laneige Water Bank Blue HA Cream Oily 50ml,814.500₫
Nghề Tay Trái Hái Ra Tiền,98.420₫
Tư Duy Hệ Thống Trong Công Việc,54.290₫
Điện Thoại Samsung Galaxy A15 LTE (8GB/128GB)- Đã Kích Hoạt Bảo Hành Điện tử - Hàng Chính Hãng,3.950.000₫
Khu Vườn Ngôn Từ,113.382₫
AirPods 4 - Chống ồn chủ động - MXP93ZP/A,4.540.000₫
Bioré Tinh Chất Chống Nắng – Sáng Rạng Rỡ 70g,240.870₫
Sữa bột Nestlé NAN OPTIPRO PLUS 2 800g/lon với 5HMO Sản Xuất Tại Thụy Sĩ (6 - 12 tháng),520.000₫
Phấn phủ kiềm dầu dạng bột innisfree No Sebum Mineral Powder 5g,120.600₫
Sữa rửa mặt Naris Acne Grand Medicated Creamy Wash,300.750₫
NEXUS - Lược Sử Của Những Mạng Lưới Thông Tin Từ Thời Đại Đồ Đá Đến Trí Tuệ Nhân Tạo,241.500₫
Mèo Và Triết Lý Nhân Sinh - Mèo Đã Dạy Chúng Ta Điều Gì Về Cuộc Sống,125.400₫
41 Thói Quen Kỷ Luật Tự Giác Của Người Thành Đạt,97.000₫
Một Cuốn Sách Buồn… Cười - Vui Vẻ Không Quạu Nha 2,65.500₫
Beyond Order - Vượt Lên Trật Tự,251.000₫
Trader Handbook,167.360₫
Điện thoại Samsung Galaxy A05s (4GB/128GB) - Đã kích hoạt bảo hành điện tử - Hàng chính hãng,2.890.000₫
Thực phẩm dinh dưỡng y học Ensure Gold 800g,915.000₫
Máy đọc sách New Kindle 11th 2022 (16GB) - Hàng chính hãng,2.950.000₫
30 Tuổi - Mọi Thứ Chỉ Mới Bắt Đầu,101.000₫
Sách - Thơ Cho Bé Học Nói - Kim Đồng,68.000₫
"Sách Quy Tắc Ứng Xử Trên Môi Trường Mạng Xã Hội, Nơi Công Cộng, Làm Việc Dành Cho Cá Nhân, Tổ Chức, Đơn Vị và Doanh Nghiệp - V2054T",224.100₫
Điện Thoại Samsung Galaxy A25 5G (6GB/128GB) - Hàng chính hãng,5.390.000₫
ĐỪNG PHÍ HOÀI TUỔI TRẺ - Nguyễn Anh Dũng,39.000₫
Combo Tư Duy Ngược + Tư Duy Mở (Nguyễn Anh Dũng) SBOOKS ,120.000₫
Sách - 38 Bức Thư Rockefeller Gửi Cho Con Trai - SBOOKS,79.000₫
Ma Thuật Bị Cấm,81.900₫
"Điện Thoại Xiaomi Redmi Note 13 Pro 5G 8GB/128GB Snapdragon 7s Gen 2 , Màn OLED 120Hz, Rom Tiếng việt - Hàng nhập khẩu",4.999.000₫
Apple AirPods 3 2022 sạc Lightning - MPNY3,3.840.000₫
Muôn Kiếp Nhân Sinh 3 (Bìa Mềm),164.000₫
"Giải Cứu Một Đời Học Tiếng Anh Của Bạn - Tác giả: Thầy Thắng Phạm - Quyển sách về Phương pháp học Tiếng Anh Giao Tiếp giúp bạn loại trừ cái sai, làm theo cái đúng để giỏi tiếng Anh giao tiếp một lần cho mãi mãi!",249.000₫
Điện thoại OPPO A79 5G (8GB/256GB) - Hàng Chính Hãng,7.150.000₫
Điện Thoại POCO X6 5G (12GB/256GB) - Hàng Chính Hãng,7.250.000₫
"Sách Kỹ Năng Giao Tiếp Và Quy Tắc Ứng Xử - Tuyển Chọn Các Bài Diễn Văn, Phát Biểu Thường Dùng Trong Các Ngày Lễ, Hội Nghị, Hội Thảo, Diễn Đàn - V1850T ",224.100₫
Máy đọc sách All New Kindle Paperwhite 5 (11th Gen) - Hàng nhập khẩu,3.850.000₫
451 Độ F,64.350₫
Điện Thoại Samsung Galaxy A06 (4GB/128GB) - Hàng Chính Hãng,3.150.000₫
TƯ DUY NGƯỢC - Nguyễn Anh Dũng,79.000₫
Sách - Tư Duy Mở (Nguyễn Anh Dũng) - SBOOKS,79.000₫
Bao cao su Durex Kingtex 12 bao,112.000₫
Máy đọc sách Boox Go 6 - Hàng chính hãng,4.190.000₫
Thùng 48 Hộp Sữa Nestlé MILO Nước (180ml / Hộp) - không màng nhựa,295.275₫
Combo 3 lon sữa Bột Friso Gold 4 850g (Dành Cho Trẻ Từ 2 - 6 Tuổi) + Tặng Lon Sữa Friso Gold 4 380g,1.100.000₫
Phấn nén kiềm dầu Carslan chống nước lâu trôi giảm bóng dầu 8g,274.000₫
Giải mã Hoóc-môn Dopamine,145.000₫
"Sách Cẩm Nang Dành Cho Người Cao Tuổi – Sống Vui, Sống Khỏe, Hạnh Phúc Mỗi Ngày - V2281D",224.100₫
Sách - Biến Mọi Thứ Thành Tiền - Quyển 2 - Nguyễn Anh Dũng - SBOOKS ,151.200₫
Vùng Đất Quỷ Tha Ma Bắt,100.800₫
Dịch Bệnh Atlantis,126.750₫
"Này Cô Gái, Thức Tỉnh Đi! (Tái Bản 2020)",81.100₫
Sách Làm Giàu Không Đợi Tuổi - Bí Quyết Đi Đến Thành Công - Những Ý Tưởng Kinh Doanh Thời Hiện Đại - V1231D,233.100₫
Sữa Bột Enfamama 360° Brain Plus Cho Mẹ Mang Thai Và Cho Con Bú,479.000₫
Hộp 8 Miếng Mặt Nạ Kiểm Soát Dầu Và Mụn Naruko Tràm Trà (Bản Đài) - Tea Tree Shine Control And Blemish Clear Mask,204.900₫
Đàn Ông Sao Hỏa Đàn Bà Sao Kim,127.400₫
Cà phê hoà tan NESCAFÉ 3IN1 VỊ NGUYÊN BẢN - công thức cải tiến (bịch 46 gói x 16g),125.550₫
Combo 4 cuốn Biến Mọi Thứ Thành Tiền Q1 + Tư Duy Ngược + Tư Duy Mở + Bí Mật Hành Vi - SBOOKS,274.000₫
Combo sách - Biến Mọi Thứ Thành Tiền - Quyển 1+2 - Nguyễn Anh Dũng - SBOOKS,134.000₫
Thao Túng Tâm Lý,103.090₫
"Sách Tuyển Tập Quy Tắc Ứng Xử Trong Các Cơ Quan Đơn Vị, Doanh Nghiệp - Kỹ Năng Giao Tiếp Giúp Bạn Thành Công Trong Công Việc, Cuộc Sống Hàng Ngày - V2244D",233.100₫
Điện thoại Samsung Galaxy Z Flip6 (12GB/ 256GB) - Hàng Chính Hãng,23.990.000₫
"Sách Cẩm Nang Dành Cho Phụ Nữ - Bí Quyết Giúp Chị Em Khỏe Đẹp, Tự Tin và Hạnh Phúc Trong Cuộc Sống - V2232D",224.100₫
Sách Đi Tìm Lẽ Sống (Tái Bản ),70.400₫
Bé Tô Màu: Vịt Con Đáng Yêu,18.000₫
Người Đua Diều (Tái Bản 2018),77.400₫
Bộ 2 Lon Sữa Bột Friso Gold 4 1400g Dành Cho Trẻ Từ 2 - 6 Tuổi + Tặng Lon Sữa Friso Gold 4 380g,1.060.000₫
Chat GPT Thực Chiến,103.090₫
COMBO 4 - (TRÍ TUỆ CỦA NGƯỜI XƯA - ĐẠO LÝ NGƯỜI XƯA - HIỂU NGƯỜI để DÙNG NGƯỜI - CỔ HỌC TINH HOA) - MINH TRIẾT PHƯƠNG ĐÔNG,263.120₫
Thư Viện Nửa Đêm,87.000₫
Sách Nghệ Thuật Đàm Phán và Thương Lượng - Chiến Lược Cạnh Tranh Trong Kinh Doanh Mang Lại Thành Công Cho Doanh Nghiệp - V1174D,225.000₫
Đừng Tin Các Bài Trắc Nghiệm Tính Cách (Phá Vỡ Giới Hạn Bản Thân Để Trở Thành Phiên Bản Tốt Nhất),123.000₫
Điện thoại Samsung Galaxy Z Fold6 (12GB/ 256GB) - Hàng Chính Hãng,38.490.000₫
Điện thoại Samsung Galaxy Z Fold6 (12GB/ 256GB) - Hàng Chính Hãng,38.490.000₫
Truth Vs Falsehood - Phân Biệt Thật Giả,250.350₫
Não Trái kể Chuyện Não Phải Vui Cười - Ransom Stephens,151.200₫
"Sách Giáo Dục Đạo Đức, Lối Sống, Kỹ Năng Mềm Cho Học Sinh, Sinh Viên - V2035T",234.000₫
Hoàng Tử Bé (Tái Bản 2019),45.000₫
Apple iPhone 13,13.090.000₫
Đừng Bao Giờ Nói Dối,109.000₫
Một Thoáng Ta Rực Rỡ Ở Nhân Gian,81.000₫
Điện thoại Samsung Galaxy A34 5G (8GB/256GB) - Đã kích hoạt bảo hành điện tử  Hàng chính hãng,5.890.000₫
Điện Thoại POCO C65 (6GB/128GB) - Hàng Chính Hãng,2.690.000₫
Sách Muôn Kiếp Nhân Sinh (Bìa Cứng) - Nguyên Phong,216.000₫
Bạn Đắt Giá Bao Nhiêu?,113.525₫
SỐNG LÀ CHÍNH MÌNH GIỮA ĐỜI MUÔN HÌNH - SBOOKS,59.000₫
Tích Cực Có Chừng Mực,123.025₫
Sữa bột Nestlé NAN SUPREMEPRO 2 800g nhập khẩu Đức với 5HMO & đạm Gentle Optipro ( Dành cho trẻ từ 12 - 24 tháng tuổi),565.000₫
Adapter Sạc 1 Cổng USB Type-C 20W Apple,377.200₫
Sách - bảng tuần hoàn các nguyên tố hóa học bằng hình (BT),9.000₫
Thùng 48 Hộp Sữa Nestlé MILO Nước (180ml / Hộp),316.200₫
Bioré Nước Tẩy Trang Hoàn Hảo Ngừa Mụn Bioré Makeup Remover Perfect Cleansing Water Acne Care 90ml,53.000₫
Bao cao su Durex Performa 12 bao,219.000₫
Sapiens - Lược Sử Loài Người (Bản Bỏ Túi),100.870₫
Điều Kỳ Diệu Của Tiệm Tạp Hóa NAMIYA (Tái Bản),63.000₫
iPhone 15 Pro Max,28.990.000₫
Trắng,61.700₫
Xứ Sở Miên Man,147.400₫
Kem Se Nhỏ Lỗ Chân Lông Bioderma Sebium Pore Refiner - 30ml,396.000₫
Nước tẩy trang bí đao Cocoon 500ml,254.438₫
Máy Tính Bảng Samsung Galaxy Tab A9 Wifi 4GB/64GB - Hàng Chính Hãng,2.550.000₫
Tây Du Tuệ Kẻ,140.000₫
Apple iPhone 16 Pro Max,34.990.000₫
Sữa tắm nước hoa Tesori d'Oriente Hoa sen 500ml chính hãng kèm vòi nhập khẩu trực tiếp từ Ý,275.000₫
Điện thoại Xiaomi Redmi Note 13 (6GB/128GB) - Hàng chính hãng,3.990.000₫
Sữa bột NAN INFINIPRO A2 Thụy Sĩ 3 800g với đạm quý A2 tiêu hóa tốt sau 7 ngày và 5HMO tăng cường đề kháng (2 - 6 tuổi),489.000₫
Sữa rửa mặt cho nam Oxy sạch sâu giảm nhờn dạng kem có hạt massage Oxy Deep Wash 100g,69.500₫
Vẻ Đẹp Của Cảnh Sắc Tầm Thường,178.600₫
Sữa rửa mặt ngăn ngừa mụn Acnes Creamy Wash 100g,61.100₫
Điện thoại Samsung Galaxy Z Fold6 (12GB/ 256GB) - Hàng Chính Hãng,38.490.000₫
Apple iPhone 16 Pro,28.790.000₫
Sữa rửa mặt cải thiện dấu hiệu lão hóa dạng kem Hada Labo Pro-Aging Retinol B3 Cleanser 80g,82.000₫
Điện thoại Tecno SPARK 20 Pro+ 8GB/256GB - Hàng chính hãng,4.290.000₫
Gel bôi trơn Durex K-Y Jelly 50g - KY Jelly,80.000₫
Sách Combo 2 Cuốn : Tư Duy Ngược + Tư Duy Mở (Nguyễn Anh Dũng) - SBOOKS,124.200₫
Nước tẩy trang Công Nghệ Micella Bioderma Sensibio H2O,380.000₫
Máy Xay Thịt 2 Lưỡi Dao Kép Lock&Lock EJM171 (2 Lít - 300W) - Hàng Chính Hãng,645.000₫
Lốc 4 Hộp Sữa pha sẵn Nestlé NANGROW 110ml/hộp sữa mát công thức từ Thụy Sĩ 100% Canxi giúp bé cao lớn vượt trội,55.000₫
Kem chống nắng dạng sữa dưỡng da kiềm dầu bảo vệ hoàn hảo Anessa Perfect UV Sunscreen Skincare Milk SPF 50+ PA++++ 60ml,535.000₫
Phiếu Quà Tặng 3.000.000đ,3.000.000₫
"Nồi áp suất Elmich PCE-1805G dung tích 2,5L - Hàng Chính Hãng",784.800₫
Apple MacBook Air 2020 13-inch (Apple M1 - 8GB/ 256GB) - MGN63SA/A - Space Grey,17.940.000₫
Mặt Nạ Nghệ Hưng Yên Cocoon 30ml,123.250₫
Serum Chống Nắng Dưỡng Thể Kháng Bụi - Dưỡng Ẩm Vượt Trội Biore (150ml),168.000₫
Tai Nghe Nhét Tai Có Micro JBL C200SI - Hàng Chính Hãng,240.000₫
Đại Bi Chú Giảng Giải ( Ht Tuyên Hoá),29.500₫
Điện thoại Samsung Galaxy Z Flip6 (12GB/ 256GB) - Hàng Chính Hãng,23.990.000₫
Sữa rửa mặt dưỡng trắng Hada Labo Perfect White Tranexamic Acid Cleanser 80g,79.000₫
Giày chạy bộ nam NIKE NIKE ZOOMX INVINCIBLE RUN FK 3,4.802.616₫
Chuột Gaming Logitech G102 Gen 2 Lightsync - Hàng Chính Hãng,386.400₫
Thùng 24 Chai Sữa Nước Abbott Ensure 237ml,970.000₫
Sữa rửa mặt kiểm soát nhờn ngăn ngừa mụn dạng gel Acnes Oil Control Cleanser 100g,58.000₫
Bigsize - Dầu gội bưởi Cocoon giúp giảm gãy rụng và làm mềm tóc 500ml,315.750₫
Sữa bột Abbott Pediasure 1.6kg cho trẻ từ 1-10 tuổi,1.084.000₫
"Kem chống nắng Sunplay cực mạnh dạng sữa Sunplay Super Block SPF 81, PA++++ 70g",150.660₫
Điện Thoại POCO C65 (8GB/256GB) - Hàng Chính Hãng,2.990.000₫
Điện Thoại Samsung Galaxy A15 LTE (8GB/128GB)- Đã Kích Hoạt Bảo Hành Điện tử - Hàng Chính Hãng,3.950.000₫
Sữa rửa mặt dưỡng ẩm tối ưu Hada Labo Advanced Nourish Cleanser 80g,71.000₫
[CHÍNH HÃNG] Smoothie Tẩy Da Chết Dưỡng Ẩm Toàn Thân Dove hương hoa anh đào 298g,179.000₫
Xe máy điện VinFast Feliz S,23.520.000₫
[Tặng Bộ 3 ly thủy tinh cao cấp NESCAFE] Combo 3 Hộp Cà Phê Sữa NESCAFE - Hộp 10 gói,126.480₫
Phiếu Quà Tặng 5.000.000đ,5.000.000₫
Tã/bỉm quần Huggies Skin Care Super Jumbo XXL54+4,443.130₫
Con Đường Chẳng Mấy Ai Đi,116.000₫
Thư Viện Nửa Đêm,87.000₫
Điện thoại Samsung Galaxy Z Fold6 (12GB/ 256GB) - Hàng Chính Hãng,38.490.000₫
Tâm Lý Học Về Tiền,115.290₫
"Dầu gội Selsun chống gàu, sạch gàu & hết ngứa da đầu Selsun Anti-Dandruff Shampoo 100ml",82.500₫
Phấn phủ CARSLAN dạng bột từ tính kiềm dầu màu đen chống nước chống mồ hôi che phủ bóng dầu cho mặt 8g,234.000₫
MANIFEST – 7 Bước Để Thay Đổi Cuộc Đời Bạn Mãi Mãi,55.180₫
Ngày Xưa Có Một Chuyện Tình (Tái Bản),95.700₫
"Sữa rửa mặt vitamin làm sáng da, mờ sẹo thâm dạng kem Acnes Vitamin Cleanser 100g",58.000₫
Ikigai - Bí Mật Sống Trường Thọ Và Hạnh Phúc Của Người Nhật,54.000₫
Điện Thoại Samsung Galaxy A55 12GB/256GB - Hàng Chính Hãng,9.899.000₫
Kem chống nắng dạng gel dưỡng ẩm bảo vệ hoàn hảo Anessa Perfect UV Sunscreen Skincare Gel SPF50+ PA++++ 90g,431.000₫
Tã quần Huggies Skin Care Super Jumbo M76+6 miếng với tràm trà dịu da,356.000₫
1 Lon Pediasure 800g (Dành cho trẻ từ 1 - 10 tuổi) - Tặng 2 Gói Dùng Thử,850.000₫
Máy Tăm Nước Không Dây LocknLock Cordless Oral Irrigator,688.000₫
Vì Con Gái Tôi Có Thể Đánh Bại Cả Ma Vương - Tập 8,135.000₫
